Ime,Email,Datum_Registracije
Ana Petrović,ana.p@gmail.com,2023-01-15
Marko Jovanović,,2023-01-17
Ivana Kovač,ivana.kov@gmail.com,2023-01-20
Nikola Ilić,,2023-01-22
Jelena Stojanov,jelena.st@gmail.com,2023-01-25
Milan Đorđević,milan.d@gmail.com,2023-01-28
Sara Nikolić,,2023-02-01
Petar Lazić,petar.l@gmail.com,2023-02-03
Tamara Vuković,,2023-02-05
Luka Simić,luka.s@gmail.com,2023-02-08
Milica Ristić,,2023-02-10
Stefan Pavlović,stefan.p@gmail.com,2023-02-12
Katarina Živković,,2023-02-14
Aleksandar Kostić,aleks.k@gmail.com,2023-02-16
Nina Janković,,2023-02-18
Filip Radovanović,filip.r@gmail.com,2023-02-20
Teodora Milenković,,2023-02-22
Vladimir Petrović,vlad.pet@gmail.com,2023-02-24
Marija Ilić,,2023-02-26
Bojan Nikolić,bojan.nik@gmail.com,2023-02-28
